location,monthly_consumption,avg_loss_ratio
Bengaluru,47.86,0.055811271493416914
Chennai,56.04,0.07335822988991735
Delhi,53.089999999999996,0.08612216991659008
Kolkata,41.5,0.0931797479147266
Mumbai,54.12,0.08707143155647314
