avg_daily_load,peak_daily_load,total_consumption,system_loss_ratio,total_technical_loss_kwh
243.88340875912405,300.05,1336481.0799999998,0.07491478987647215,108228.68000000001
