msn,location,MAE,RMSE
ACE43B7D,Chennai,20.099897619047656,49.981519931914534
3F42A75F,Mumbai,23.070273809523826,51.374346148780184
7F6ACD62,Delhi,26.08881666666668,53.007608654843104
0653DAA9,Bengaluru,24.090116666666688,53.1747422525384
344684B5,Kolkata,25.53663571428563,56.42631175537274
