location,loss_ratio
Bengaluru,0.07500731999080099
Chennai,0.07482266632850576
Delhi,0.07491098601451987
Kolkata,0.07479226245763987
Mumbai,0.07506706468873174
