location,MAE,RMSE
Delhi,1.0295107827809207,1.1969161524662009
Chennai,1.060541223129442,1.2181212725991686
Bengaluru,1.0396060366421307,1.2233425219789356
Mumbai,1.0710652472132252,1.2341171647681306
Kolkata,1.0930733836875854,1.2533528052837835
