location,average_hourly_load,peak_demand,monthly_consumption
Bengaluru,10.156018035843385,18.479999999999997,47.86
Chennai,10.176936950648757,18.64,56.04
Delhi,10.191448955519196,18.490000000000002,53.09
Kolkata,10.157775959818881,18.740000000000002,41.5
Mumbai,10.171329477569348,18.25,54.12
